{
  "project_info": {
    "project_number": "332922598669",
    "project_id": "ninadmyapp",
    "storage_bucket": "ninadmyapp.appspot.com"
  },
  "client": [
    {
      "client_info": {
        "mobilesdk_app_id": "1:332922598669:android:1f158bde4f967e8cb6ec44",
        "android_client_info": {
          "package_name": "com.example.ninadapp"
        }
      },
      "oauth_client": [
        {
          "client_id": "332922598669-enlub2k356t57hc627kdgcvo0ml3o9si.apps.googleusercontent.com",
          "client_type": 3
        }
      ],
      "api_key": [
        {
          "current_key": "AIzaSyDelNh5BiSO8O2J-Uzr_I7GlDMWmNYIs1E"
        }
      ],
      "services": {
        "appinvite_service": {
          "other_platform_oauth_client": [
            {
              "client_id": "332922598669-enlub2k356t57hc627kdgcvo0ml3o9si.apps.googleusercontent.com",
              "client_type": 3
            }
          ]
        }
      }
    }
  ],
  "configuration_version": "1"
}